Datetime,Water Level (m)
2025-09-04 12:00:00,-0.06646664
2025-09-04 13:00:00,0.3176349
2025-09-04 14:00:00,0.7273181
2025-09-04 15:00:00,1.0406893
2025-09-04 16:00:00,1.2075064
2025-09-04 17:00:00,1.1428767
2025-09-04 18:00:00,0.8619609
2025-09-04 19:00:00,0.5011996
2025-09-04 20:00:00,0.14512038
2025-09-04 21:00:00,-0.1655788
2025-09-04 22:00:00,-0.41679212
2025-09-04 23:00:00,-0.4543161
2025-09-05 00:00:00,-0.11543513
2025-09-05 01:00:00,0.38145924
2025-09-05 02:00:00,0.8870727
2025-09-05 03:00:00,1.3298107
2025-09-05 04:00:00,1.5701543
2025-09-05 05:00:00,1.6151159
2025-09-05 06:00:00,1.3502136
2025-09-05 07:00:00,0.95534694
2025-09-05 08:00:00,0.5349758
2025-09-05 09:00:00,0.14250487
2025-09-05 10:00:00,-0.19158435
2025-09-05 11:00:00,-0.46073636
2025-09-05 12:00:00,-0.4636965
2025-09-05 13:00:00,-0.051031563
2025-09-05 14:00:00,0.47837222
2025-09-05 15:00:00,0.9649091
2025-09-05 16:00:00,1.3119439
2025-09-05 17:00:00,1.4328187
2025-09-05 18:00:00,1.2459059
2025-09-05 19:00:00,0.8764451
2025-09-05 20:00:00,0.46258423
2025-09-05 21:00:00,0.076679386
2025-09-05 22:00:00,-0.26533222
2025-09-05 23:00:00,-0.5346062
2025-09-06 00:00:00,-0.52137434
2025-09-06 01:00:00,-0.06338303
2025-09-06 02:00:00,0.5481752
2025-09-06 03:00:00,1.1460545
2025-09-06 04:00:00,1.611488
2025-09-06 05:00:00,1.836839
2025-09-06 06:00:00,1.7045203
2025-09-06 07:00:00,1.317804
2025-09-06 08:00:00,0.8572453
2025-09-06 09:00:00,0.41080147
2025-09-06 10:00:00,0.013926924
2025-09-06 11:00:00,-0.33621866
2025-09-06 12:00:00,-0.57203174
2025-09-06 13:00:00,-0.37543744
2025-09-06 14:00:00,0.15865482
2025-09-06 15:00:00,0.7908733
2025-09-06 16:00:00,1.3063123
2025-09-06 17:00:00,1.6298784
2025-09-06 18:00:00,1.6323878
2025-09-06 19:00:00,1.2980872
2025-09-06 20:00:00,0.8533753
2025-09-06 21:00:00,0.4069572
2025-09-06 22:00:00,0.009099479
2025-09-06 23:00:00,-0.345305
2025-09-07 00:00:00,-0.5989783
2025-09-07 01:00:00,-0.3843685
2025-09-07 02:00:00,0.19439195
2025-09-07 03:00:00,0.86477304
2025-09-07 04:00:00,1.4679364
2025-09-07 05:00:00,1.8751372
2025-09-07 06:00:00,1.9650522
2025-09-07 07:00:00,1.6687528
2025-09-07 08:00:00,1.2060069
2025-09-07 09:00:00,0.72105265
2025-09-07 10:00:00,0.2735645
2025-09-07 11:00:00,-0.11641127
2025-09-07 12:00:00,-0.4571617
2025-09-07 13:00:00,-0.6267805
2025-09-07 14:00:00,-0.15586416
2025-09-07 15:00:00,0.50056595
2025-09-07 16:00:00,1.1521895
2025-09-07 17:00:00,1.6488417
2025-09-07 18:00:00,1.8619378
2025-09-07 19:00:00,1.670866
2025-09-07 20:00:00,1.2372686
2025-09-07 21:00:00,0.75592583
2025-09-07 22:00:00,0.3041044
2025-09-07 23:00:00,-0.08988905
2025-09-08 00:00:00,-0.43848982
2025-09-08 01:00:00,-0.65871495
2025-09-08 02:00:00,-0.2711383
2025-09-08 03:00:00,0.4191509
2025-09-08 04:00:00,1.1401306
2025-09-08 05:00:00,1.7449456
2025-09-08 06:00:00,2.068839
2025-09-08 07:00:00,1.969711
2025-09-08 08:00:00,1.5460107
2025-09-08 09:00:00,1.0418018
2025-09-08 10:00:00,0.5507381
2025-09-08 11:00:00,0.11453362
2025-09-08 12:00:00,-0.25744796
2025-09-08 13:00:00,-0.5642182
2025-09-08 14:00:00,-0.47715402
2025-09-08 15:00:00,0.11850693
2025-09-08 16:00:00,0.84784067
2025-09-08 17:00:00,1.4873269
2025-09-08 18:00:00,1.9249378
2025-09-08 19:00:00,2.0007606
2025-09-08 20:00:00,1.655088
2025-09-08 21:00:00,1.164004
2025-09-08 22:00:00,0.66741055
2025-09-08 23:00:00,0.21888576
2025-09-09 00:00:00,-0.1671978
2025-09-09 01:00:00,-0.5012023
2025-09-09 02:00:00,-0.58713573
2025-09-09 03:00:00,-0.01371401
2025-09-09 04:00:00,0.72650737
2025-09-09 05:00:00,1.4205221
2025-09-09 06:00:00,1.9289259
2025-09-09 07:00:00,2.103008
2025-09-09 08:00:00,1.8308192
2025-09-09 09:00:00,1.3485389
2025-09-09 10:00:00,0.8392096
2025-09-09 11:00:00,0.36510608
2025-09-09 12:00:00,-0.04454443
2025-09-09 13:00:00,-0.40582365
2025-09-09 14:00:00,-0.65295285
2025-09-09 15:00:00,-0.26950952
2025-09-09 16:00:00,0.42587343
2025-09-09 17:00:00,1.1570333
2025-09-09 18:00:00,1.7625349
2025-09-09 19:00:00,2.079761
2025-09-09 20:00:00,1.9658602
2025-09-09 21:00:00,1.5229182
2025-09-09 22:00:00,1.0148824
2025-09-09 23:00:00,0.5250306
2025-09-10 00:00:00,0.09145683
2025-09-10 01:00:00,-0.27356085
2025-09-10 02:00:00,-0.5668532
2025-09-10 03:00:00,-0.38077205
2025-09-10 04:00:00,0.2406171
2025-09-10 05:00:00,0.95837444
2025-09-10 06:00:00,1.6071033
2025-09-10 07:00:00,2.0094953
2025-09-10 08:00:00,2.0133533
2025-09-10 09:00:00,1.6185921
2025-09-10 10:00:00,1.1176217
2025-09-10 11:00:00,0.61834043
2025-09-10 12:00:00,0.17447583
